{"loss": [0.5091852908514807, 0.4990999019983528, 0.5012114037505931, 0.4989769260925209, 0.49688164162968534, 0.4972675852312619, 0.4958650497861271, 0.4958885886513694, 0.496272060581993, 0.49647875943214875, 0.49620332389467603, 0.4948016967420055, 0.49217332303810857, 0.49417709338911686, 0.49468404164643565, 0.4936299430265579, 0.49358225463386673, 0.492807534197928, 0.4939483506015222, 0.49159181254402284], "acc": [0.8039461118926556, 0.8081809528021427, 0.8061982775560587, 0.8065255150328013, 0.8069874978228988, 0.8070452456610837, 0.8072184889232229, 0.8065255152708757, 0.806313773014433, 0.8059287875245349, 0.805890288941842, 0.8065640135222726, 0.8081232052866488, 0.8067180078344005, 0.8061212802831086, 0.8064870165763163, 0.806448517890362, 0.8069105007636421, 0.8061597788414208, 0.807622723912424], "val_loss": [0.5029891202890354, 0.48067426667265273, 0.49120850911606906, 0.4960205794028614, 0.4956392097343569, 0.4823076991801677, 0.486799166539441, 0.49178562232981554, 0.4768238870734754, 0.5013852155338163, 0.4982549405616263, 0.4775854212434395, 0.49165943274031526, 0.4948880165167477, 0.5064971291241438, 0.5103440717640131, 0.4826811642750449, 0.4982748129575148, 0.5064485453263574, 0.47871620204137716], "val_acc": [0.7996521837814993, 0.8139130530409192, 0.8064347925652628, 0.8033043580469877, 0.8036521843723629, 0.8126956616536429, 0.8100869662476624, 0.806434792228367, 0.816173922613911, 0.799478270256001, 0.8015652279750161, 0.8160000097233316, 0.8064347921247069, 0.8040000099073286, 0.7956521836959799, 0.7932174016211344, 0.8130434876939526, 0.8015652269513712, 0.7960000097492467, 0.8154782702093539]}