{"loss": [0.7014714862103071, 0.6946467569380095, 0.694408708243143, 0.695451752164147, 0.6969753400974975, 0.6945724773845632, 0.6907105989270397, 0.6883282293617983, 0.6903159190307964, 0.6967650980789424, 0.6913114312020215, 0.681999470609607, 0.6848021182017925, 0.6875596801955978, 0.6847583946469542, 0.6884709383115108, 0.6894423098791214, 0.6896987608242859, 0.6823406992665617, 0.6839209868020311], "acc": [0.48030304121119627, 0.508441569165879, 0.5069264186570397, 0.501298712329431, 0.490606072925644, 0.5160173282769077, 0.5367532598830405, 0.5358441686056135, 0.5185281511734833, 0.5099567218131318, 0.5422078056156119, 0.558484860706381, 0.5497835627623966, 0.5430303155601799, 0.5688744721248812, 0.5477922203898172, 0.5448917884750542, 0.5341125662386159, 0.5712121333426985, 0.5440259860385032], "val_loss": [0.6978553980588913, 0.6967566549777985, 0.6994124174118042, 0.7040634036064148, 0.7122078239917755, 0.6968124955892563, 0.6888148427009583, 0.6977736175060272, 0.6802783489227295, 0.7121341764926911, 0.7097304731607437, 0.7210763394832611, 0.7308007657527924, 0.7081114709377289, 0.7208197593688965, 0.7042914092540741, 0.6962359547615051, 0.7236064016819, 0.7264285087585449, 0.7020843088626861], "val_acc": [0.44000001177191733, 0.5400000095367432, 0.500000013411045, 0.46000001281499864, 0.44000001102685926, 0.4600000105798244, 0.6200000151991845, 0.4800000131130219, 0.5600000113248825, 0.4000000096857548, 0.4700000137090683, 0.3200000077486038, 0.40000001043081285, 0.500000013411045, 0.40000001043081285, 0.4400000125169754, 0.5200000151991844, 0.3000000074505806, 0.40000001043081285, 0.43000000789761544]}