{"loss": [0.692819676112819, 0.6927178680509716, 0.6914347412653299, 0.6980616619963665, 0.6960230959958328, 0.6950296203101868, 0.692431501489439, 0.6858090758194655, 0.6930973211537192, 0.6870506777907864, 0.6927579430790691, 0.6964565418886417, 0.6936275569262442, 0.689481249941892, 0.6863624112301575, 0.6923247120210103, 0.692357513102102, 0.6902107488992926, 0.6889879177143048, 0.6853920711325362], "acc": [0.5292640813985171, 0.5387013110957104, 0.523636374906415, 0.4945887561839123, 0.5018614837101527, 0.5100433023654537, 0.5107792324898563, 0.5387878914706377, 0.5211688444050617, 0.5385714400124241, 0.5249783676585336, 0.5102597518045923, 0.5265800989454701, 0.5364069388284312, 0.5293939517915764, 0.5137229553968101, 0.5200433023080423, 0.5432467664088005, 0.5447186271349589, 0.5476190604237252], "val_loss": [0.6957065284252166, 0.7042382240295411, 0.7262923300266266, 0.7255546569824218, 0.7115380048751831, 0.6970750331878662, 0.7009109258651733, 0.7146426200866699, 0.7066651374101639, 0.7166654169559479, 0.7076019227504731, 0.695042073726654, 0.6929005324840546, 0.6954214155673981, 0.7040667235851288, 0.7147893458604813, 0.7113010108470916, 0.7101400643587112, 0.7174651741981506, 0.6950394868850708], "val_acc": [0.5000000111758709, 0.4400000050663948, 0.30000000447034836, 0.32000000923871996, 0.42000000923871994, 0.4400000125169754, 0.3900000095367432, 0.33000000566244125, 0.3300000078976154, 0.38000000864267347, 0.40000001192092893, 0.4400000095367432, 0.44000001400709154, 0.48000001162290573, 0.4200000107288361, 0.3600000090897083, 0.36000000685453415, 0.4400000125169754, 0.4600000113248825, 0.5400000110268592]}