{"loss": [0.6410442933554943, 0.516910934251759, 0.5056297990080252, 0.5004117296164259, 0.49931583956414627, 0.4997820927129558, 0.4994161302533944, 0.4976027136774334, 0.497597581449326, 0.49736934841625724], "acc": [0.8034263813705026, 0.8073724831650761, 0.8071992399631724, 0.8068335034863894, 0.8065447644417507, 0.8059865353885354, 0.8054475554215781, 0.8063715210204174, 0.806718007822927, 0.8064100194840733], "val_loss": [0.5116715376403022, 0.5229689560247504, 0.4960778048116228, 0.4918597973429639, 0.5070082957070807, 0.4885198134831761, 0.4835943009671957, 0.47655918808087055, 0.49305433185204206, 0.4831404497442039], "val_acc": [0.8160000095807988, 0.7907826189243276, 0.8059130529864975, 0.8076521842635197, 0.7973913139363994, 0.8100869657682335, 0.8128695747126706, 0.8175652272545774, 0.8064347928503285, 0.8135652270394823]}