{"loss": [0.5118803365835498, 0.5026486028290575, 0.5001410052954749, 0.4977627217855674, 0.4981730092363478, 0.4963178235481746, 0.49560656879559745, 0.4962306984737014, 0.49630010658668955, 0.494474451460439, 0.4944957816164807, 0.49497513697340123, 0.49380588818617577, 0.4940316518659311, 0.4922425817479528, 0.49336180524888, 0.4938729808250796, 0.4917869607856115, 0.49236980259447166, 0.4925338405373581], "acc": [0.8036958712442661, 0.8059865351705395, 0.8062175268301951, 0.8071029933415087, 0.8067565064931053, 0.8071029934920979, 0.8072377382274771, 0.806467767444164, 0.8066217614680212, 0.8069489992373372, 0.806756506474461, 0.8062175264988987, 0.8070259965131555, 0.8068142542194241, 0.8079307123961301, 0.8067372571587332, 0.8061790279778756, 0.8077574690034804, 0.8072954861531473, 0.80716074127435], "val_loss": [0.4860496027573295, 0.48797570989183764, 0.48801814057256865, 0.4999419144443843, 0.47081533141758136, 0.45624469913866206, 0.5052758917730786, 0.4521408995597259, 0.5209141591320867, 0.4645676566466041, 0.4916472979991332, 0.4978699189424514, 0.488340386579866, 0.4959667827383331, 0.49907803136369455, 0.4979597258438234, 0.4932348234627558, 0.46989520639181137, 0.4956229225837666, 0.4737320268802021], "val_acc": [0.8106087053858715, 0.8099130534737007, 0.809043487660263, 0.801739140515742, 0.8212174005741659, 0.8306087047898251, 0.7968695753683215, 0.8337391391914825, 0.7862608800504518, 0.8248695747489517, 0.8064347929021588, 0.801739140515742, 0.8085217485479687, 0.8031304446251497, 0.8012174010276795, 0.8020869662580283, 0.8052174008281334, 0.8213913136202358, 0.804000009868456, 0.818782617929189]}